{
  "project_info": {
    "project_number": "378026859501",
    "firebase_url": "https://rcvacademy-a01ff.firebaseio.com",
    "project_id": "rcvacademy-a01ff",
    "storage_bucket": "rcvacademy-a01ff.appspot.com"
  },
  "client": [
    {
      "client_info": {
        "mobilesdk_app_id": "1:378026859501:android:22fcdc92b3b3795941e5e4",
        "android_client_info": {
          "package_name": "com.rcv_academy.gharsana"
        }
      },
      "oauth_client": [
        {
          "client_id": "378026859501-jmggqd2q9g5vvii7o371b6sibslcdel1.apps.googleusercontent.com",
          "client_type": 3
        }
      ],
      "api_key": [
        {
          "current_key": "AIzaSyC9lgxW8zvYLP3g8oIpWVzNpn25OSaGmho"
        }
      ],
      "services": {
        "appinvite_service": {
          "other_platform_oauth_client": [
            {
              "client_id": "378026859501-jmggqd2q9g5vvii7o371b6sibslcdel1.apps.googleusercontent.com",
              "client_type": 3
            }
          ]
        }
      }
    }
  ],
  "configuration_version": "1"
}